언론사,뉴스 기사 제목
경향신문,“1년 후엔 찍어주더라” 윤상현에 인천지역 시민단체 ‘시민소환장’ 발부
JTBC,"""이재명 후보가 입고 다녀서"" 방탄복 입은 곽규택에…정청래 ""귀여우시네"" [현장영상]"
KBS,5억이 제 통장에 들어왔습니다…착오송금 대처법 [박대기의 핫클립]
MBC,"민주당 ""지귀연 판사 '룸살롱 접대' 의혹‥재판서 즉각 배제해야"""
파이낸셜뉴스,머리에 다닥다닥 빨간 물집 생기더니..20대 男 머리 뭉텅이로 빠지게 한 '이 병'  [헬스톡]
한겨레,개신교인들 “이재명 후보 미안합니다” 1500자 입장문…서명 시작
YTN,"한국 남학생이 中서 불법 촬영 '덜미'…학교 측 ""고의 아냐"""
동아일보,"강에 발 담갔는데, 피부 뚫고 수천개 알 낳아 실명까지…유럽 ‘기생충 경고’"
헤럴드경제,"“푸바오 심각” SNS 급증..구토·설사·무기력, 중국측은..[함영훈의 멋·맛·쉼]"
SBS,"""윤석열 내란 사건 판사, 유흥주점서 접대받아"" 폭탄 발언…""근거 없이 의혹만 제기"" 공방전 [바로이뉴스]"
중앙일보,부사관이 女상관 모텔 끌고가 성폭행…실형에 항소하더니 결국
한국경제,"""지금 계약해도 1년 기다려야 받는다""…인기 폭발한 車"
